title,description,uploaded,url
Time,"A Model Context Protocol server that provides time and timezone conversion capabilities. This server enables LLMs to get current time information and perform timezone conversions using IANA timezone names, with automatic system timezone detection.",,https://mcp.so/server/time/modelcontextprotocol
EdgeOne Pages MCP,An MCP service designed for deploying HTML content to EdgeOne Pages and obtaining an accessible public URL.,,https://mcp.so/server/edgeone-pages-mcp/TencentEdgeOne
Filesystem,Secure file operations with configurable access controls,,https://mcp.so/server/filesystem
Redis,A Model Context Protocol server that provides access to Redis databases. This server enables LLMs to interact with Redis key-value stores through a set of standardized tools.,,https://mcp.so/server/redis/modelcontextprotocol
GitLab,"GitLab API, enabling project management",,https://mcp.so/server/gitlab/modelcontextprotocol
MiniMax MCP,"Official MiniMax Model Context Protocol (MCP) server that enables interaction with powerful Text to Speech, image generation and video generation APIs.",,https://mcp.so/server/MiniMax-MCP/MiniMax-AI
Jina AI MCP Tools,A Model Context Protocol (MCP) server that integrates with Jina AI Search Foundation APIs.,,https://mcp.so/server/jina-mcp-tools/PsychArch
Sentry,Retrieving and analyzing issues from Sentry.io,,https://mcp.so/server/sentry/modelcontextprotocol
Zhipu Web Search,"Zhipu Web Search MCP Server is a search engine specifically designed for large models. It integrates four search engines, allowing users to flexibly compare and switch between them. Building upon the web crawling and ranking capabilities of traditional search engines, it enhances intent recognition capabilities, returning results more suitable for large model processing (such as webpage titles, URLs, summaries, site names, site icons, etc.). This helps AI applications achieve ""dynamic knowledge acquisition"" and ""precise scenario adaptation"" capabilities.",,https://mcp.so/server/zhipu-web-search/BigModel
Aws Kb Retrieval Server,An MCP server implementation for retrieving information from the AWS Knowledge Base using the Bedrock Agent Runtime.,,https://mcp.so/server/aws-kb-retrieval-server/modelcontextprotocol
